"ElementId","Mark","Category","Family","Type","HostWallId","Lining YN before","Lining YN after","Material before","Material after","Top YN before","Top YN after","Left YN before","Left YN after","Right YN before","Right YN after","Lining Change before (mm)","Lining Change after (mm)","Predicted total (mm)","Predicted schedule qty (Lbm)","Actual total (mm)","Changed","Detail"
"28294748","610","Doors","Exterior Door V21","W 1010 H 1775","28280821","No","No","DDL","DDL","1","1","1","1","1","1","0.0","0.0","4488.0","4.49","","no","Lining YN is off -- excluded from the lining schedule"
"28294299","1867","Windows","Exterior Window Mullion V7","W 900 x H 435","28343254","No","No","WDL","WDL","1","1","1","1","1","1","0.0","0.0","1698.0","1.7","","no","Lining YN is off -- excluded from the lining schedule"
"28294565","1868","Windows","Exterior Window Mullion V7","W 1800 x H 435","28280821","No","No","WDL","WDL","1","1","1","1","1","1","0.0","0.0","2598.0","2.6","","no","Lining YN is off -- excluded from the lining schedule"
"28297628","611","Doors","Exterior Door V21","W 910 H 2100","28340155","No","No","DDL","DDL","1","1","1","1","1","1","0.0","0.0","5038.0","5.04","","no","Lining YN is off -- excluded from the lining schedule"
"28294109","1865","Windows","Exterior Window Mullion V7","W 1300 x H 1200","28340509","No","No","WDL","WDL","1","1","1","1","1","1","0.0","0.0","3628.0","3.63","","no","Lining YN is off -- excluded from the lining schedule"
"28294161","1866","Windows","Exterior Window Mullion V7","W 1300 x H 1200","28340509","No","No","WDL","WDL","1","1","1","1","1","1","0.0","0.0","3628.0","3.63","","no","Lining YN is off -- excluded from the lining schedule"
"28298091","613","Doors","Exterior Door V21","W 910 H 2100","28280074","No","No","DDL","DDL","1","1","1","1","1","1","0.0","0.0","5038.0","5.04","","no","Lining YN is off -- excluded from the lining schedule"
"28366565","619","Doors","Exterior Door V21","W 910 H 2100 (1016)","28361856","No","No","DDL","DDL","1","1","1","1","0","0","0.0","0.0","2962.0","2.96","","no","Right blocked 2076 mm by 28446720 [1906] (gap 24 mm) | Lining YN is off -- excluded from the lining schedule"
"28428151","663","Doors","Exterior Door V21","W 1010 H 2100 (1017)","28426708","No","No","DDL","DDL","1","1","1","1","0","0","0.0","0.0","3062.0","3.06","","no","Right blocked 2076 mm by 28430241 [1905] (gap 14 mm) | Lining YN is off -- excluded from the lining schedule"
"28370261","1873","Windows","Exterior Window Mullion V7","W 1300 x H 1200","28361856","No","No","WDL","WDL","1","1","1","1","1","1","0.0","0.0","3628.0","3.63","","no","Lining YN is off -- excluded from the lining schedule"
"28370419","1874","Windows","Exterior Window Mullion V7","W 1600 x H 1500","28361856","No","No","WDL","WDL","1","1","1","1","1","1","0.0","0.0","4528.0","4.53","","no","Lining YN is off -- excluded from the lining schedule"
"28428411","1903","Windows","Exterior Window Mullion V7","W 1300 x H 1200","28426708","No","No","WDL","WDL","1","1","1","1","1","1","0.0","0.0","3628.0","3.63","","no","Lining YN is off -- excluded from the lining schedule"
"28428553","1904","Windows","Exterior Window Mullion V7","W 700 x H 1100","28426708","No","No","WDL","WDL","1","1","1","1","1","1","0.0","0.0","2828.0","2.83","","no","Lining YN is off -- excluded from the lining schedule"
"28430241","1905","Windows","Exterior Window Mullion V7","W 300 x H 2100","28426708","No","No","WDL","WDL","1","1","0","0","1","1","0.0","0.0","2352.0","2.35","","no","Left blocked 2076 mm by 28428151 [663] (gap 14 mm) | Lining YN is off -- excluded from the lining schedule"
"28446720","1906","Windows","Exterior Window Mullion V7","W 300 x H 2100","28361856","No","No","WDL","WDL","1","1","1","1","0","0","0.0","0.0","2352.0","2.35","","no","Right blocked 2076 mm by 28366565 [619] (gap 24 mm) | Lining YN is off -- excluded from the lining schedule"
"28366667","620","Doors","Exterior Door V21","W 1010 H 2100","28362692","No","No","DDL","DDL","1","1","1","1","1","1","0.0","0.0","5138.0","5.14","","no","Lining YN is off -- excluded from the lining schedule"
"28386882","623","Doors","Exterior Double Door V16","W 1810 H 2100","28377592","Yes","Yes","DDL","DDL","1","1","1","0","1","0","0.0","0.0","1786.0","1.79","1786.0","YES","Left blocked 2076 mm by 28387099 [1875] (gap 7 mm) | Right blocked 2076 mm by 28388428 [1876] (gap 7 mm)"
"28397345","633","Doors","Exterior Double Door V16","W 1810 H 2100","28382197","No","No","DDL","DDL","1","1","0","0","0","0","0.0","0.0","1786.0","1.79","","no","Left blocked 2076 mm by 28410966 [1884] (gap 41 mm) | Right blocked 2076 mm by 28410702 [1883] (gap 41 mm) | Lining YN is off -- excluded from the lining schedule"
"28411751","643","Doors","Exterior Double Door V16","W 1810 H 2100","28384120","No","No","DDL","DDL","1","1","0","0","0","0","0.0","0.0","1786.0","1.79","","no","Left blocked 2076 mm by 28412125 [1888] (gap 41 mm) | Right blocked 2076 mm by 28411881 [1887] (gap 41 mm) | Lining YN is off -- excluded from the lining schedule"
"28387099","1875","Windows","Exterior Window Mullion V7","W 400 x H 2100","28377592","Yes","Yes","WDL","WDL","1","1","1","1","1","0","0.0","0.0","2452.0","2.45","2452.0","YES","Right blocked 2076 mm by 28386882 [623] (gap 7 mm)"
"28388428","1876","Windows","Exterior Window Mullion V7","W 400 x H 2100","28377592","Yes","Yes","WDL","WDL","1","1","1","1","0","0","0.0","0.0","2452.0","2.45","","no","Right blocked 2076 mm by 28386882 [623] (gap 7 mm)"
"28388916","1877","Windows","Exterior Window Mullion V7","W 1000 x H 1100","28377592","No","No","WDL","WDL","1","1","1","1","1","1","0.0","0.0","3128.0","3.13","","no","Lining YN is off -- excluded from the lining schedule"
"28397441","1881","Windows","Exterior Window Mullion V7","W 1000 x H 1100","28382197","No","No","WDL","WDL","1","1","1","1","1","1","0.0","0.0","3128.0","3.13","","no","Lining YN is off -- excluded from the lining schedule"
"28410702","1883","Windows","Exterior Window Mullion V7","W 400 x H 2100","28382197","No","No","WDL","WDL","1","1","0","0","1","1","0.0","0.0","2452.0","2.45","","no","Left blocked 2076 mm by 28397345 [633] (gap 41 mm) | Lining YN is off -- excluded from the lining schedule"
"28410966","1884","Windows","Exterior Window Mullion V7","W 400 x H 2100","28382197","No","No","WDL","WDL","1","1","0","0","1","1","0.0","0.0","2452.0","2.45","","no","Left blocked 2076 mm by 28397345 [633] (gap 41 mm) | Lining YN is off -- excluded from the lining schedule"
"28411881","1887","Windows","Exterior Window Mullion V7","W 400 x H 2100","28384120","No","No","WDL","WDL","1","1","0","0","1","1","0.0","0.0","2452.0","2.45","","no","Left blocked 2076 mm by 28411751 [643] (gap 41 mm) | Lining YN is off -- excluded from the lining schedule"
"28412125","1888","Windows","Exterior Window Mullion V7","W 400 x H 2100","28384120","No","No","WDL","WDL","1","1","0","0","1","1","0.0","0.0","2452.0","2.45","","no","Left blocked 2076 mm by 28411751 [643] (gap 41 mm) | Lining YN is off -- excluded from the lining schedule"
"28412158","1889","Windows","Exterior Window Mullion V7","W 1000 x H 1100","28384120","No","No","WDL","WDL","1","1","1","1","1","1","0.0","0.0","3128.0","3.13","","no","Lining YN is off -- excluded from the lining schedule"
"28389388","624","Doors","Exterior Door V21","W 910 H 2100","28377752","No","No","DDL","DDL","1","1","1","1","0","0","0.0","0.0","2962.0","2.96","","no","Right blocked 2076 mm by 28389454 [1880] (gap 24 mm) | Lining YN is off -- excluded from the lining schedule"
"28389555","625","Doors","Exterior Door V21","W 910 H 2100","28377752","No","No","DDL","DDL","1","1","1","1","1","1","0.0","0.0","5038.0","5.04","","no","Lining YN is off -- excluded from the lining schedule"
"28397108","631","Doors","Exterior Door V21","W 910 H 2100","28382360","No","No","DDL","DDL","1","1","1","1","1","1","0.0","0.0","5038.0","5.04","","no","Lining YN is off -- excluded from the lining schedule"
"28397214","632","Doors","Exterior Door V21","W 910 H 2100","28382360","No","No","DDL","DDL","1","1","1","1","1","1","0.0","0.0","5038.0","5.04","","no","Lining YN is off -- excluded from the lining schedule"
"28411072","638","Doors","Exterior Door V21","W 910 H 2100","28384124","No","No","DDL","DDL","1","1","1","1","0","0","0.0","0.0","2962.0","2.96","","no","Right blocked 2076 mm by 28411138 [1885] (gap 24 mm) | Lining YN is off -- excluded from the lining schedule"
"28411204","639","Doors","Exterior Door V21","W 910 H 2100","28384124","No","No","DDL","DDL","1","1","1","1","1","1","0.0","0.0","5038.0","5.04","","no","Lining YN is off -- excluded from the lining schedule"
"28389181","1879","Windows","Exterior Window Mullion V7","W 1000 x H 1100","28377752","No","No","WDL","WDL","1","1","1","1","1","1","0.0","0.0","3128.0","3.13","","no","Lining YN is off -- excluded from the lining schedule"
"28389454","1880","Windows","Exterior Window Mullion V7","W 500 x H 2100","28377752","No","No","WDL","WDL","1","1","0","0","1","1","0.0","0.0","2552.0","2.55","","no","Left blocked 2076 mm by 28389388 [624] (gap 24 mm) | Lining YN is off -- excluded from the lining schedule"
"28411138","1885","Windows","Exterior Window Mullion V7","W 500 x H 2100","28384124","No","No","WDL","WDL","1","1","0","0","1","1","0.0","0.0","2552.0","2.55","","no","Left blocked 2076 mm by 28411072 [638] (gap 24 mm) | Lining YN is off -- excluded from the lining schedule"
"28411371","1886","Windows","Exterior Window Mullion V7","W 1000 x H 1100","28384124","No","No","WDL","WDL","1","1","1","1","1","1","0.0","0.0","3128.0","3.13","","no","Lining YN is off -- excluded from the lining schedule"
"28426814","662","Doors","Exterior Door V21","W 1010 H 2100","28426714","No","No","DDL","DDL","1","1","1","1","1","1","0.0","0.0","5138.0","5.14","","no","Lining YN is off -- excluded from the lining schedule"
"28291651","1860","Windows","Exterior Window Mullion V7","W 1300 x H 1200","28338098","No","No","WDL","WDL","1","1","1","1","1","1","0.0","0.0","3628.0","3.63","","no","Lining YN is off -- excluded from the lining schedule"
"28291802","1861","Windows","Exterior Window Mullion V7","W 1300 x H 1200","28338098","No","No","WDL","WDL","1","1","1","1","1","1","0.0","0.0","3628.0","3.63","","no","Lining YN is off -- excluded from the lining schedule"
"28291834","1862","Windows","Exterior Window Mullion V7","W 1300 x H 1200","28338098","No","No","WDL","WDL","1","1","1","1","1","1","0.0","0.0","3628.0","3.63","","no","Lining YN is off -- excluded from the lining schedule"
"28293946","1863","Windows","Exterior Window Mullion V7","W 1300 x H 1200","28339003","No","No","WDL","WDL","1","1","1","1","1","1","0.0","0.0","3628.0","3.63","","no","Lining YN is off -- excluded from the lining schedule"
"28294013","1864","Windows","Exterior Window Mullion V7","W 1300 x H 1200","28279651","No","No","WDL","WDL","1","1","1","1","1","1","0.0","0.0","3628.0","3.63","","no","Lining YN is off -- excluded from the lining schedule"
"28297925","1869","Windows","Exterior Window Mullion V7","W 1300 x H 1200","28280490","No","No","WDL","WDL","1","1","1","1","1","1","0.0","0.0","3628.0","3.63","","no","Lining YN is off -- excluded from the lining schedule"
"28369724","1870","Windows","Exterior Window Mullion V7","W 1800 x H 1200","28361438","No","No","WDL","WDL","1","1","1","1","1","1","0.0","0.0","4128.0","4.13","","no","Lining YN is off -- excluded from the lining schedule"
"28426940","1901","Windows","Exterior Window Mullion V7","W 1800 x H 1200","28426704","No","No","WDL","WDL","1","1","1","1","1","1","0.0","0.0","4128.0","4.13","","no","Lining YN is off -- excluded from the lining schedule"
"28370091","1871","Windows","Exterior Window Mullion V7","W 1300 x H 1200","28362478","No","No","WDL","WDL","1","1","1","1","1","1","0.0","0.0","3628.0","3.63","","no","Lining YN is off -- excluded from the lining schedule"
"28370155","1872","Windows","Exterior Window Mullion V7","W 1300 x H 1200","28362478","No","No","WDL","WDL","1","1","1","1","1","1","0.0","0.0","3628.0","3.63","","no","Lining YN is off -- excluded from the lining schedule"
"28389061","1878","Windows","Exterior Window Mullion V7","W 700 x H 1100","28539468","No","No","WDL","WDL","1","1","1","1","1","1","0.0","0.0","2828.0","2.83","","no","Lining YN is off -- excluded from the lining schedule"
"28397570","1882","Windows","Exterior Window Mullion V7","W 700 x H 1100","28576654","No","No","WDL","WDL","1","1","1","1","1","1","0.0","0.0","2828.0","2.83","","no","Lining YN is off -- excluded from the lining schedule"
"28413413","1890","Windows","Exterior Window Mullion V7","W 700 x H 1100","28577187","No","No","WDL","WDL","1","1","1","1","1","1","0.0","0.0","2828.0","2.83","","no","Lining YN is off -- excluded from the lining schedule"
"28427164","1902","Windows","Exterior Window Mullion V7","W 1500 x H 1200","28426712","No","No","WDL","WDL","1","1","1","1","1","1","0.0","0.0","3828.0","3.83","","no","Lining YN is off -- excluded from the lining schedule"
